datetime,mean_value,split,train_end,val_end,test_end,num_variables
2002-01-01,25824.627042857144,train,579,773,966,7
2002-01-08,27280.64999142857,train,579,773,966,7
2002-01-15,28142.635694285713,train,579,773,966,7
2002-01-22,30392.82104285714,train,579,773,966,7
2002-01-29,32719.82490285714,train,579,773,966,7
2002-02-05,33681.56949285714,train,579,773,966,7
2002-02-12,32822.69694714285,train,579,773,966,7
2002-02-19,32811.10447428571,train,579,773,966,7
2002-02-26,27750.86412142857,train,579,773,966,7
2002-03-05,35577.24485714286,train,579,773,966,7
2002-03-12,34429.55093285714,train,579,773,966,7
2002-03-19,31837.392448571427,train,579,773,966,7
2002-03-26,21409.365500000004,train,579,773,966,7
2002-04-02,25340.47009142857,train,579,773,966,7
2002-04-09,34505.04661571429,train,579,773,966,7
2002-04-16,34230.268364285716,train,579,773,966,7
2002-04-23,35223.571305714286,train,579,773,966,7
2002-04-30,37201.82934857143,train,579,773,966,7
2002-05-07,37211.62743,train,579,773,966,7
2002-05-14,38286.58361714286,train,579,773,966,7
2002-05-21,36371.17117714286,train,579,773,966,7
2002-05-28,36009.966921428575,train,579,773,966,7
2002-06-04,33851.44021,train,579,773,966,7
2002-06-11,32492.53264428571,train,579,773,966,7
2002-06-18,28938.208122857144,train,579,773,966,7
2002-06-25,29109.948441428573,train,579,773,966,7
2002-07-02,28067.469864285715,train,579,773,966,7
2002-07-09,28367.18159,train,579,773,966,7
2002-07-16,25813.390893571428,train,579,773,966,7
2002-07-23,25596.678967142856,train,579,773,966,7
2002-07-30,24693.760431571427,train,579,773,966,7
2002-08-06,22785.18696514286,train,579,773,966,7
2002-08-13,20632.759187714284,train,579,773,966,7
2002-08-20,13914.498674999999,train,579,773,966,7
2002-08-27,11788.082876714285,train,579,773,966,7
2002-09-03,11484.919139428572,train,579,773,966,7
2002-09-10,11338.626566142857,train,579,773,966,7
2002-09-17,10445.444239142858,train,579,773,966,7
2002-09-24,10371.866602571428,train,579,773,966,7
2002-10-01,9361.126989714287,train,579,773,966,7
2002-10-08,10571.436049,train,579,773,966,7
2002-10-15,10065.142749285715,train,579,773,966,7
2002-10-22,10296.720563285713,train,579,773,966,7
2002-10-29,10333.979613285714,train,579,773,966,7
2002-11-05,10120.59422757143,train,579,773,966,7
2002-11-12,9994.157587,train,579,773,966,7
2002-11-19,10172.740565,train,579,773,966,7
2002-11-26,10151.593110857142,train,579,773,966,7
2002-12-03,9517.789799285714,train,579,773,966,7
2002-12-10,10771.46011857143,train,579,773,966,7
2002-12-17,10492.32727057143,train,579,773,966,7
2002-12-24,10347.356761857143,train,579,773,966,7
2002-12-31,37015.26355628572,train,579,773,966,7
2003-01-07,40993.58156857143,train,579,773,966,7
2003-01-14,41924.04820857143,train,579,773,966,7
2003-01-21,45610.205559999995,train,579,773,966,7
2003-01-28,48719.169397142854,train,579,773,966,7
2003-02-04,49491.45216714286,train,579,773,966,7
2003-02-11,52029.73329285714,train,579,773,966,7
2003-02-18,54113.83450571429,train,579,773,966,7
2003-02-25,41946.408104285714,train,579,773,966,7
2003-03-04,60710.31848,train,579,773,966,7
2003-03-11,61798.25948571429,train,579,773,966,7
2003-03-18,55177.62118714286,train,579,773,966,7
2003-03-25,37208.95613285714,train,579,773,966,7
2003-04-01,38251.09880857143,train,579,773,966,7
2003-04-08,46763.61566,train,579,773,966,7
2003-04-15,45553.98762142857,train,579,773,966,7
2003-04-22,42735.371282857144,train,579,773,966,7
2003-04-29,42303.75987142858,train,579,773,966,7
2003-05-06,43407.98541142857,train,579,773,966,7
2003-05-13,42327.38602,train,579,773,966,7
2003-05-20,41371.516082857146,train,579,773,966,7
2003-05-27,41008.87484142857,train,579,773,966,7
2003-06-03,39581.714601142856,train,579,773,966,7
2003-06-10,37523.86859142857,train,579,773,966,7
2003-06-17,35528.01114142857,train,579,773,966,7
2003-06-24,36208.39625428571,train,579,773,966,7
2003-07-01,34129.505396,train,579,773,966,7
2003-07-08,30865.923474000003,train,579,773,966,7
2003-07-15,30400.21652057143,train,579,773,966,7
2003-07-22,29587.060786714286,train,579,773,966,7
2003-07-29,28224.607640285714,train,579,773,966,7
2003-08-05,26712.62125842857,train,579,773,966,7
2003-08-12,24442.196804142855,train,579,773,966,7
2003-08-19,22576.212972999998,train,579,773,966,7
2003-08-26,19323.777431571427,train,579,773,966,7
2003-09-02,17585.38443,train,579,773,966,7
2003-09-09,19316.082286285713,train,579,773,966,7
2003-09-16,18652.182456571427,train,579,773,966,7
2003-09-23,17987.03262785714,train,579,773,966,7
2003-09-30,17953.416303142858,train,579,773,966,7
2003-10-07,13109.761347000001,train,579,773,966,7
2003-10-14,14125.634527714285,train,579,773,966,7
2003-10-21,13857.740775714285,train,579,773,966,7
2003-10-28,13398.484540142857,train,579,773,966,7
2003-11-04,16888.594233571428,train,579,773,966,7
2003-11-11,13041.060349428571,train,579,773,966,7
2003-11-18,13871.340131285715,train,579,773,966,7
2003-11-25,13283.362580428571,train,579,773,966,7
2003-12-02,14082.943986285714,train,579,773,966,7
2003-12-09,15149.79042342857,train,579,773,966,7
2003-12-16,17223.238729714285,train,579,773,966,7
2003-12-23,17092.51697142857,train,579,773,966,7
2003-12-30,16721.964914428572,train,579,773,966,7
2004-01-06,51418.697062,train,579,773,966,7
2004-01-13,51768.57724142857,train,579,773,966,7
2004-01-20,55165.177108571435,train,579,773,966,7
2004-01-27,55635.20688142857,train,579,773,966,7
2004-02-03,55227.49748714286,train,579,773,966,7
2004-02-10,55772.10129142857,train,579,773,966,7
2004-02-17,56701.241428571426,train,579,773,966,7
2004-02-24,43538.76206142857,train,579,773,966,7
2004-03-02,56768.566582857144,train,579,773,966,7
2004-03-09,54962.30131857143,train,579,773,966,7
2004-03-16,52383.49012285715,train,579,773,966,7
2004-03-23,38611.93819714286,train,579,773,966,7
2004-03-30,42354.04814428572,train,579,773,966,7
2004-04-06,54763.368155714285,train,579,773,966,7
2004-04-13,56123.39189428572,train,579,773,966,7
2004-04-20,55034.34126142857,train,579,773,966,7
2004-04-27,61018.23076428571,train,579,773,966,7
2004-05-04,62144.509502857145,train,579,773,966,7
2004-05-11,64949.093395714284,train,579,773,966,7
2004-05-18,64704.45621142857,train,579,773,966,7
2004-05-25,60897.23607428571,train,579,773,966,7
2004-06-01,58006.44697,train,579,773,966,7
2004-06-08,55335.499117142856,train,579,773,966,7
2004-06-15,53153.63363428572,train,579,773,966,7
2004-06-22,49986.97429285714,train,579,773,966,7
2004-06-29,49404.84189142857,train,579,773,966,7
2004-07-06,46407.00972714286,train,579,773,966,7
2004-07-13,46193.55904142857,train,579,773,966,7
2004-07-20,44743.35426571429,train,579,773,966,7
2004-07-27,44173.20365142857,train,579,773,966,7
2004-08-03,40439.17675285714,train,579,773,966,7
2004-08-10,38427.91345857143,train,579,773,966,7
2004-08-17,34797.604302857144,train,579,773,966,7
2004-08-24,28382.447954285715,train,579,773,966,7
2004-08-31,24538.640359999998,train,579,773,966,7
2004-09-07,25064.45166571429,train,579,773,966,7
2004-09-14,22596.720644285717,train,579,773,966,7
2004-09-21,24849.844513714284,train,579,773,966,7
2004-09-28,23296.534723857145,train,579,773,966,7
2004-10-05,20692.94858242857,train,579,773,966,7
2004-10-12,22784.498386571428,train,579,773,966,7
2004-10-19,21710.362770714284,train,579,773,966,7
2004-10-26,21392.916514857145,train,579,773,966,7
2004-11-02,20656.639475285716,train,579,773,966,7
2004-11-09,21041.91280757143,train,579,773,966,7
2004-11-16,21819.76618057143,train,579,773,966,7
2004-11-23,21892.040485714282,train,579,773,966,7
2004-11-30,22002.507131571427,train,579,773,966,7
2004-12-07,19861.382145285716,train,579,773,966,7
2004-12-14,21749.648293714283,train,579,773,966,7
2004-12-21,22655.827472142857,train,579,773,966,7
2004-12-28,21674.683535857144,train,579,773,966,7
2005-01-04,48613.32201857143,train,579,773,966,7
2005-01-11,49374.18259428571,train,579,773,966,7
2005-01-18,53981.06030428572,train,579,773,966,7
2005-01-25,55217.780445714285,train,579,773,966,7
2005-02-01,58380.119804285714,train,579,773,966,7
2005-02-08,55246.97247571428,train,579,773,966,7
2005-02-15,56126.14140571428,train,579,773,966,7
2005-02-22,43991.91932571428,train,579,773,966,7
2005-03-01,59084.60827571429,train,579,773,966,7
2005-03-08,56771.51403571428,train,579,773,966,7
2005-03-15,56838.765987142855,train,579,773,966,7
2005-03-22,49934.95390714286,train,579,773,966,7
2005-03-29,43571.19073714286,train,579,773,966,7
2005-04-05,51188.86488285714,train,579,773,966,7
2005-04-12,58304.893350000006,train,579,773,966,7
2005-04-19,56608.20246714285,train,579,773,966,7
2005-04-26,61231.51879714285,train,579,773,966,7
2005-05-03,61275.97853142857,train,579,773,966,7
2005-05-10,62482.306047142854,train,579,773,966,7
2005-05-17,60254.846320000004,train,579,773,966,7
2005-05-24,60294.15621857143,train,579,773,966,7
2005-05-31,59952.852940000004,train,579,773,966,7
2005-06-07,60794.122942857146,train,579,773,966,7
2005-06-14,56289.01674,train,579,773,966,7
2005-06-21,54956.229080000005,train,579,773,966,7
2005-06-28,53739.61831571429,train,579,773,966,7
2005-07-05,51519.072120000004,train,579,773,966,7
2005-07-12,49084.543959999995,train,579,773,966,7
2005-07-19,45382.34929571429,train,579,773,966,7
2005-07-26,44543.310699999995,train,579,773,966,7
2005-08-02,41995.86098528571,train,579,773,966,7
2005-08-09,40233.567466,train,579,773,966,7
2005-08-16,37322.566479857145,train,579,773,966,7
2005-08-23,33626.258581285714,train,579,773,966,7
2005-08-30,27668.68509042857,train,579,773,966,7
2005-09-06,31134.11823057143,train,579,773,966,7
2005-09-13,24622.94724057143,train,579,773,966,7
2005-09-20,24364.78489942857,train,579,773,966,7
2005-09-27,22491.648605714287,train,579,773,966,7
2005-10-04,20262.378221714287,train,579,773,966,7
2005-10-11,25502.09837357143,train,579,773,966,7
2005-10-18,25107.648899428572,train,579,773,966,7
2005-10-25,25072.352159285714,train,579,773,966,7
2005-11-01,23550.78545,train,579,773,966,7
2005-11-08,24407.643262714286,train,579,773,966,7
2005-11-15,24307.642028142855,train,579,773,966,7
2005-11-22,22356.621491142858,train,579,773,966,7
2005-11-29,22279.776685285713,train,579,773,966,7
2005-12-06,21034.68865242857,train,579,773,966,7
2005-12-13,23209.234769142855,train,579,773,966,7
2005-12-20,22945.108110285713,train,579,773,966,7
2005-12-27,23374.814211428573,train,579,773,966,7
2006-01-03,54863.90815142857,train,579,773,966,7
2006-01-10,56176.45801,train,579,773,966,7
2006-01-17,61220.33684285714,train,579,773,966,7
2006-01-24,63457.19185142857,train,579,773,966,7
2006-01-31,65161.64803,train,579,773,966,7
2006-02-07,66720.68957999999,train,579,773,966,7
2006-02-14,66732.28611428571,train,579,773,966,7
2006-02-21,49837.10576571429,train,579,773,966,7
2006-02-28,66639.07194285715,train,579,773,966,7
2006-03-07,64606.687634285714,train,579,773,966,7
2006-03-14,64972.82756857143,train,579,773,966,7
2006-03-21,54916.95204428572,train,579,773,966,7
2006-03-28,43210.87735142857,train,579,773,966,7
2006-04-04,54972.80679857143,train,579,773,966,7
2006-04-11,61565.56512428571,train,579,773,966,7
2006-04-18,58665.184831428574,train,579,773,966,7
2006-04-25,66657.31223,train,579,773,966,7
2006-05-02,64420.410645714284,train,579,773,966,7
2006-05-09,68722.23191714285,train,579,773,966,7
2006-05-16,65014.692671428566,train,579,773,966,7
2006-05-23,66839.78105142857,train,579,773,966,7
2006-05-30,64994.373589999996,train,579,773,966,7
2006-06-06,64016.87468,train,579,773,966,7
2006-06-13,59007.99443857143,train,579,773,966,7
2006-06-20,57141.433274285715,train,579,773,966,7
2006-06-27,56850.49460571429,train,579,773,966,7
2006-07-04,53063.96717142857,train,579,773,966,7
2006-07-11,52363.54743428571,train,579,773,966,7
2006-07-18,52031.76126285714,train,579,773,966,7
2006-07-25,50685.73465571429,train,579,773,966,7
2006-08-01,46231.56494728571,train,579,773,966,7
2006-08-08,43164.714087428576,train,579,773,966,7
2006-08-15,41453.68334257143,train,579,773,966,7
2006-08-22,37788.39763514286,train,579,773,966,7
2006-08-29,32040.698494857144,train,579,773,966,7
2006-09-05,32687.358406714284,train,579,773,966,7
2006-09-12,31633.65109257143,train,579,773,966,7
2006-09-19,31363.776783285713,train,579,773,966,7
2006-09-26,31642.35134414286,train,579,773,966,7
2006-10-03,25574.618833857145,train,579,773,966,7
2006-10-10,28794.595252714287,train,579,773,966,7
2006-10-17,29896.45569857143,train,579,773,966,7
2006-10-24,29736.90139214286,train,579,773,966,7
2006-10-31,28072.58606157143,train,579,773,966,7
2006-11-07,28966.89101357143,train,579,773,966,7
2006-11-14,30054.32432157143,train,579,773,966,7
2006-11-21,30528.78447342857,train,579,773,966,7
2006-11-28,30914.357593428573,train,579,773,966,7
2006-12-05,27234.967510857143,train,579,773,966,7
2006-12-12,30717.249692,train,579,773,966,7
2006-12-19,30302.129375714285,train,579,773,966,7
2006-12-26,39724.69518842857,train,579,773,966,7
2007-01-02,76775.29530771429,train,579,773,966,7
2007-01-09,77403.06255571428,train,579,773,966,7
2007-01-16,81528.3616057143,train,579,773,966,7
2007-01-23,80178.96247714285,train,579,773,966,7
2007-01-30,80368.41628,train,579,773,966,7
2007-02-06,83378.15589571428,train,579,773,966,7
2007-02-13,80537.18373,train,579,773,966,7
2007-02-20,64332.82658285714,train,579,773,966,7
2007-02-27,80811.89881428571,train,579,773,966,7
2007-03-06,76065.89361285714,train,579,773,966,7
2007-03-13,68422.20278,train,579,773,966,7
2007-03-20,66905.69819857142,train,579,773,966,7
2007-03-27,53453.569891428575,train,579,773,966,7
2007-04-03,64014.95620571428,train,579,773,966,7
2007-04-10,78729.91209428571,train,579,773,966,7
2007-04-17,77034.71263,train,579,773,966,7
2007-04-24,78188.46471,train,579,773,966,7
2007-05-01,86162.91797571428,train,579,773,966,7
2007-05-08,93072.44615285714,train,579,773,966,7
2007-05-15,90992.05796571428,train,579,773,966,7
2007-05-22,88684.55997142858,train,579,773,966,7
2007-05-29,90150.11098571427,train,579,773,966,7
2007-06-05,84606.35149857143,train,579,773,966,7
2007-06-12,82699.74997857143,train,579,773,966,7
2007-06-19,76613.03262857143,train,579,773,966,7
2007-06-26,74599.01299428572,train,579,773,966,7
2007-07-03,72547.48489285714,train,579,773,966,7
2007-07-10,73377.95968857143,train,579,773,966,7
2007-07-17,70060.91911571429,train,579,773,966,7
2007-07-24,67036.58536285713,train,579,773,966,7
2007-07-31,61920.26729314285,train,579,773,966,7
2007-08-07,64004.39090271429,train,579,773,966,7
2007-08-14,58470.53706057143,train,579,773,966,7
2007-08-21,53453.82838528572,train,579,773,966,7
2007-08-28,50815.282483,train,579,773,966,7
2007-09-04,47987.94745557143,train,579,773,966,7
2007-09-11,47576.656361857145,train,579,773,966,7
2007-09-18,46765.36273285714,train,579,773,966,7
2007-09-25,44501.63717828571,train,579,773,966,7
2007-10-02,44552.47929114285,train,579,773,966,7
2007-10-09,45170.76269828571,train,579,773,966,7
2007-10-16,43725.338138,train,579,773,966,7
2007-10-23,43519.47121714286,train,579,773,966,7
2007-10-30,44098.90707342857,train,579,773,966,7
2007-11-06,42743.473910571425,train,579,773,966,7
2007-11-13,43323.054064,train,579,773,966,7
2007-11-20,43584.74969728571,train,579,773,966,7
2007-11-27,43299.18318642857,train,579,773,966,7
2007-12-04,42616.77355085714,train,579,773,966,7
2007-12-11,47556.361783571425,train,579,773,966,7
2007-12-18,49080.70064628572,train,579,773,966,7
2007-12-25,48019.699893714285,train,579,773,966,7
2008-01-01,81001.44158857143,train,579,773,966,7
2008-01-08,84294.14824714286,train,579,773,966,7
2008-01-15,84837.427407,train,579,773,966,7
2008-01-22,87276.73328857143,train,579,773,966,7
2008-01-29,87506.18542285715,train,579,773,966,7
2008-02-05,89474.90326571428,train,579,773,966,7
2008-02-12,87603.63363428572,train,579,773,966,7
2008-02-19,89053.21071571429,train,579,773,966,7
2008-02-26,70425.99379857144,train,579,773,966,7
2008-03-04,87620.10881714286,train,579,773,966,7
2008-03-11,85154.82875,train,579,773,966,7
2008-03-18,70609.29727285715,train,579,773,966,7
2008-03-25,60047.707839999995,train,579,773,966,7
2008-04-01,63104.73455285714,train,579,773,966,7
2008-04-08,85102.71672,train,579,773,966,7
2008-04-15,83274.60825571428,train,579,773,966,7
2008-04-22,86308.13122428571,train,579,773,966,7
2008-04-29,91099.96753571428,train,579,773,966,7
2008-05-06,95993.54677571429,train,579,773,966,7
2008-05-13,98260.84509142858,train,579,773,966,7
2008-05-20,94407.65316999999,train,579,773,966,7
2008-05-27,99479.91381285714,train,579,773,966,7
2008-06-03,93843.73292285715,train,579,773,966,7
2008-06-10,95200.5777442857,train,579,773,966,7
2008-06-17,89995.94599142857,train,579,773,966,7
2008-06-24,89929.26631857142,train,579,773,966,7
2008-07-01,86410.76748571428,train,579,773,966,7
2008-07-08,82904.1574757143,train,579,773,966,7
2008-07-15,81801.2252157143,train,579,773,966,7
2008-07-22,84548.50926285714,train,579,773,966,7
2008-07-29,93947.96024428571,train,579,773,966,7
2008-08-05,89190.66584714285,train,579,773,966,7
2008-08-12,81907.72112428572,train,579,773,966,7
2008-08-19,83250.96248999999,train,579,773,966,7
2008-08-26,81742.43917857143,train,579,773,966,7
2008-09-02,81295.98036428572,train,579,773,966,7
2008-09-09,73740.74986,train,579,773,966,7
2008-09-16,77303.98519,train,579,773,966,7
2008-09-23,75478.61419,train,579,773,966,7
2008-09-30,69939.57876714286,train,579,773,966,7
2008-10-07,70342.95679428571,train,579,773,966,7
2008-10-14,73385.50485285714,train,579,773,966,7
2008-10-21,73549.89978857143,train,579,773,966,7
2008-10-28,70909.33693571428,train,579,773,966,7
2008-11-04,72451.03829428571,train,579,773,966,7
2008-11-11,73871.18665714285,train,579,773,966,7
2008-11-18,80204.8724957143,train,579,773,966,7
2008-11-25,87990.40740428572,train,579,773,966,7
2008-12-02,87644.88092857144,train,579,773,966,7
2008-12-09,87518.7147,train,579,773,966,7
2008-12-16,97936.05053857144,train,579,773,966,7
2008-12-23,93264.74782285714,train,579,773,966,7
2008-12-30,93854.64138857143,train,579,773,966,7
2009-01-06,134648.8185857143,train,579,773,966,7
2009-01-13,136909.70141285713,train,579,773,966,7
2009-01-20,147190.33342714285,train,579,773,966,7
2009-01-27,145355.2771,train,579,773,966,7
2009-02-03,143096.14435,train,579,773,966,7
2009-02-10,134363.02140285712,train,579,773,966,7
2009-02-17,130266.83639,train,579,773,966,7
2009-02-24,99244.99118285715,train,579,773,966,7
2009-03-03,121941.47970857144,train,579,773,966,7
2009-03-10,116705.99186,train,579,773,966,7
2009-03-17,108508.68467571428,train,579,773,966,7
2009-03-24,80525.76575571428,train,579,773,966,7
2009-03-31,87311.18462,train,579,773,966,7
2009-04-07,106627.98428,train,579,773,966,7
2009-04-14,113784.81355285714,train,579,773,966,7
2009-04-21,113352.68668285714,train,579,773,966,7
2009-04-28,116245.69914714285,train,579,773,966,7
2009-05-05,113966.88609142858,train,579,773,966,7
2009-05-12,112071.87589857144,train,579,773,966,7
2009-05-19,112879.26849,train,579,773,966,7
2009-05-26,119464.70901857143,train,579,773,966,7
2009-06-02,115402.82530571429,train,579,773,966,7
2009-06-09,113555.39484142858,train,579,773,966,7
2009-06-16,109194.20738285713,train,579,773,966,7
2009-06-23,109743.14624714285,train,579,773,966,7
2009-06-30,104748.70669142857,train,579,773,966,7
2009-07-07,106679.49003999999,train,579,773,966,7
2009-07-14,109489.19309857143,train,579,773,966,7
2009-07-21,105096.3218842857,train,579,773,966,7
2009-07-28,105186.32738714285,train,579,773,966,7
2009-08-04,102979.88619571428,train,579,773,966,7
2009-08-11,97753.32496857143,train,579,773,966,7
2009-08-18,97926.45646428571,train,579,773,966,7
2009-08-25,92386.88154285714,train,579,773,966,7
2009-09-01,80339.48245571429,train,579,773,966,7
2009-09-08,87881.98967685715,train,579,773,966,7
2009-09-15,84401.55759485715,train,579,773,966,7
2009-09-22,83741.41751042857,train,579,773,966,7
2009-09-29,78842.53919228572,train,579,773,966,7
2009-10-06,75539.83500857142,train,579,773,966,7
2009-10-13,79373.52202728573,train,579,773,966,7
2009-10-20,77094.94076985714,train,579,773,966,7
2009-10-27,76341.94133085714,train,579,773,966,7
2009-11-03,75168.37438742856,train,579,773,966,7
2009-11-10,76166.65864114286,train,579,773,966,7
2009-11-17,78001.67561657143,train,579,773,966,7
2009-11-24,81021.508135,train,579,773,966,7
2009-12-01,79740.261616,train,579,773,966,7
2009-12-08,77393.14975714286,train,579,773,966,7
2009-12-15,85784.27804842858,train,579,773,966,7
2009-12-22,90810.02856,train,579,773,966,7
2009-12-29,87341.02624142857,train,579,773,966,7
2010-01-05,108938.17777714286,train,579,773,966,7
2010-01-12,109132.78513857143,train,579,773,966,7
2010-01-19,113667.92899428571,train,579,773,966,7
2010-01-26,114302.50358285716,train,579,773,966,7
2010-02-02,112510.12448142856,train,579,773,966,7
2010-02-09,113191.15025571428,train,579,773,966,7
2010-02-16,116005.18723142857,train,579,773,966,7
2010-02-23,89898.69075428571,train,579,773,966,7
2010-03-02,114000.50548571428,train,579,773,966,7
2010-03-09,110061.55621285715,train,579,773,966,7
2010-03-16,105479.98481285715,train,579,773,966,7
2010-03-23,89216.77388285715,train,579,773,966,7
2010-03-30,89765.9382457143,train,579,773,966,7
2010-04-06,111274.74641,train,579,773,966,7
2010-04-13,106938.11764428571,train,579,773,966,7
2010-04-20,114081.13389857144,train,579,773,966,7
2010-04-27,122266.45222142858,train,579,773,966,7
2010-05-04,119113.99813285714,train,579,773,966,7
2010-05-11,124743.95817,train,579,773,966,7
2010-05-18,127964.42120428571,train,579,773,966,7
2010-05-25,122314.14068,train,579,773,966,7
2010-06-01,117856.36269285715,train,579,773,966,7
2010-06-08,112046.1022342857,train,579,773,966,7
2010-06-15,110429.84982571428,train,579,773,966,7
2010-06-22,107799.57366428571,train,579,773,966,7
2010-06-29,109045.65912714286,train,579,773,966,7
2010-07-06,107224.45583,train,579,773,966,7
2010-07-13,101358.2542357143,train,579,773,966,7
2010-07-20,97023.37863285714,train,579,773,966,7
2010-07-27,99464.62133142857,train,579,773,966,7
2010-08-03,95658.03762857143,train,579,773,966,7
2010-08-10,95131.89025428572,train,579,773,966,7
2010-08-17,90452.30278857143,train,579,773,966,7
2010-08-24,85462.58370571429,train,579,773,966,7
2010-08-31,77641.1814,train,579,773,966,7
2010-09-07,82138.13627485714,train,579,773,966,7
2010-09-14,78416.97426814285,train,579,773,966,7
2010-09-21,77297.52558557143,train,579,773,966,7
2010-09-28,73587.23540028572,train,579,773,966,7
2010-10-05,68068.38266328572,train,579,773,966,7
2010-10-12,76249.91165485713,train,579,773,966,7
2010-10-19,75034.18946714285,train,579,773,966,7
2010-10-26,74488.47564128572,train,579,773,966,7
2010-11-02,71889.02493657143,train,579,773,966,7
2010-11-09,75542.90277414284,train,579,773,966,7
2010-11-16,77105.91370685714,train,579,773,966,7
2010-11-23,79964.35888485714,train,579,773,966,7
2010-11-30,79636.52350899999,train,579,773,966,7
2010-12-07,74799.69198271428,train,579,773,966,7
2010-12-14,83806.56746185714,train,579,773,966,7
2010-12-21,85091.29028814286,train,579,773,966,7
2010-12-28,88263.88347,train,579,773,966,7
2011-01-04,113712.90919571428,train,579,773,966,7
2011-01-11,115808.49080285714,train,579,773,966,7
2011-01-18,116288.79026428572,train,579,773,966,7
2011-01-25,115504.08534285714,train,579,773,966,7
2011-02-01,115135.69731285714,train,579,773,966,7
2011-02-08,117082.97698857143,train,579,773,966,7
2011-02-15,117643.13150285716,train,579,773,966,7
2011-02-22,92356.31731571429,train,579,773,966,7
2011-03-01,114937.40131285714,train,579,773,966,7
2011-03-08,108289.71421428572,train,579,773,966,7
2011-03-15,107420.89975285715,train,579,773,966,7
2011-03-22,95398.24057142857,train,579,773,966,7
2011-03-29,86329.31837714286,train,579,773,966,7
2011-04-05,100060.64333428572,train,579,773,966,7
2011-04-12,109859.72772285715,train,579,773,966,7
2011-04-19,106692.32521857144,train,579,773,966,7
2011-04-26,115559.34924,train,579,773,966,7
2011-05-03,114598.39868857143,train,579,773,966,7
2011-05-10,115943.11200285715,train,579,773,966,7
2011-05-17,116897.30255714284,train,579,773,966,7
2011-05-24,113750.33479714286,train,579,773,966,7
2011-05-31,116864.04496571429,train,579,773,966,7
2011-06-07,111155.03870142857,train,579,773,966,7
2011-06-14,111212.38331857142,train,579,773,966,7
2011-06-21,111713.12669857142,train,579,773,966,7
2011-06-28,110130.79781142857,train,579,773,966,7
2011-07-05,104811.90896428571,train,579,773,966,7
2011-07-12,105279.43253285714,train,579,773,966,7
2011-07-19,107332.25159142856,train,579,773,966,7
2011-07-26,106322.79777285714,train,579,773,966,7
2011-08-02,97056.39332,train,579,773,966,7
2011-08-09,95944.09050714286,train,579,773,966,7
2011-08-16,93066.64250142858,train,579,773,966,7
2011-08-23,90230.9296557143,train,579,773,966,7
2011-08-30,80608.5096957143,train,579,773,966,7
2011-09-06,84931.46725571428,train,579,773,966,7
2011-09-13,82335.59738714286,train,579,773,966,7
2011-09-20,83410.59530142858,train,579,773,966,7
2011-09-27,78206.59783857143,train,579,773,966,7
2011-10-04,73673.45068285715,train,579,773,966,7
2011-10-11,81246.84679942857,train,579,773,966,7
2011-10-18,79475.26087642857,train,579,773,966,7
2011-10-25,81045.12351614285,train,579,773,966,7
2011-11-01,78776.41877871429,train,579,773,966,7
2011-11-08,79706.83452642857,train,579,773,966,7
2011-11-15,81410.96432042857,train,579,773,966,7
2011-11-22,86571.72537999999,train,579,773,966,7
2011-11-29,87457.87871142858,train,579,773,966,7
2011-12-06,81472.19254857142,train,579,773,966,7
2011-12-13,90828.06233714287,train,579,773,966,7
2011-12-20,92108.0632957143,train,579,773,966,7
2011-12-27,91131.07798714285,train,579,773,966,7
2012-01-03,113868.34799000001,train,579,773,966,7
2012-01-10,112718.09244142857,train,579,773,966,7
2012-01-17,116776.38104571428,train,579,773,966,7
2012-01-24,116982.24932857142,train,579,773,966,7
2012-01-31,107931.71517142856,train,579,773,966,7
2012-02-07,115628.60919428572,train,579,773,966,7
2012-02-14,114669.50279142857,train,579,773,966,7
2012-02-21,93490.37710571429,train,579,773,966,7
2012-02-28,123483.05571999999,train,579,773,966,7
2012-03-06,125713.40099285715,train,579,773,966,7
2012-03-13,123372.43759,train,579,773,966,7
2012-03-20,116112.12267714286,train,579,773,966,7
2012-03-27,95253.7266857143,train,579,773,966,7
2012-04-03,105813.94471285715,train,579,773,966,7
2012-04-10,130593.14522285714,train,579,773,966,7
2012-04-17,129201.31655142856,train,579,773,966,7
2012-04-24,119128.91167142858,train,579,773,966,7
2012-05-01,122525.78355571428,train,579,773,966,7
2012-05-08,116511.93262285714,train,579,773,966,7
2012-05-15,115737.98770142857,train,579,773,966,7
2012-05-22,113010.06177285714,train,579,773,966,7
2012-05-29,113711.57249571428,train,579,773,966,7
2012-06-05,110136.30433571429,train,579,773,966,7
2012-06-12,106549.54637428571,train,579,773,966,7
2012-06-19,107226.31089857142,train,579,773,966,7
2012-06-26,104119.83572285714,train,579,773,966,7
2012-07-03,103391.62965857143,train,579,773,966,7
2012-07-10,106026.41816999999,train,579,773,966,7
2012-07-17,101650.51438571428,train,579,773,966,7
2012-07-24,102364.91665142858,train,579,773,966,7
2012-07-31,97556.04167142857,train,579,773,966,7
2012-08-07,94537.89662571429,train,579,773,966,7
2012-08-14,91004.17824142857,train,579,773,966,7
2012-08-21,84838.16431285713,train,579,773,966,7
2012-08-28,79058.45593285713,train,579,773,966,7
2012-09-04,81385.41845128572,train,579,773,966,7
2012-09-11,78825.706337,train,579,773,966,7
2012-09-18,79595.27224471429,train,579,773,966,7
2012-09-25,78571.10572400001,train,579,773,966,7
2012-10-02,69034.68755414286,train,579,773,966,7
2012-10-09,78967.65164014287,train,579,773,966,7
2012-10-16,75748.50380957143,train,579,773,966,7
2012-10-23,76201.22102585714,train,579,773,966,7
2012-10-30,70756.36042485715,train,579,773,966,7
2012-11-06,75870.79068214285,train,579,773,966,7
2012-11-13,75815.5085,train,579,773,966,7
2012-11-20,75920.08648299999,train,579,773,966,7
2012-11-27,78540.69065814286,train,579,773,966,7
2012-12-04,78548.00613914286,train,579,773,966,7
2012-12-11,85177.44955285716,train,579,773,966,7
2012-12-18,86461.32825428572,train,579,773,966,7
2012-12-25,92253.35841142856,train,579,773,966,7
2013-01-01,124695.61285,train,579,773,966,7
2013-01-08,125701.64043571429,train,579,773,966,7
2013-01-15,124008.22472142857,train,579,773,966,7
2013-01-22,128628.10648714285,train,579,773,966,7
2013-01-29,128250.98533857144,train,579,773,966,7
2013-02-05,129122.73132571428,val,579,773,966,7
2013-02-12,127802.02931428571,val,579,773,966,7
2013-02-19,129001.20801571429,val,579,773,966,7
2013-02-26,98742.45847714286,val,579,773,966,7
2013-03-05,126824.48350571429,val,579,773,966,7
2013-03-12,119522.11235,val,579,773,966,7
2013-03-19,122366.31295428572,val,579,773,966,7
2013-03-26,94207.28253857142,val,579,773,966,7
2013-04-02,103619.07045,val,579,773,966,7
2013-04-09,122381.43254285715,val,579,773,966,7
2013-04-16,128749.52582285715,val,579,773,966,7
2013-04-23,118462.09104142858,val,579,773,966,7
2013-04-30,121873.42931428572,val,579,773,966,7
2013-05-07,119975.06534857143,val,579,773,966,7
2013-05-14,115497.83221571428,val,579,773,966,7
2013-05-21,120333.48495571429,val,579,773,966,7
2013-05-28,122929.99762571428,val,579,773,966,7
2013-06-04,116738.98348142857,val,579,773,966,7
2013-06-11,116941.94151428572,val,579,773,966,7
2013-06-18,118519.23975285715,val,579,773,966,7
2013-06-25,118717.08212142857,val,579,773,966,7
2013-07-02,117658.65427857144,val,579,773,966,7
2013-07-09,119274.63240285715,val,579,773,966,7
2013-07-16,113435.14756428571,val,579,773,966,7
2013-07-23,112827.97873142858,val,579,773,966,7
2013-07-30,111946.79279714286,val,579,773,966,7
2013-08-06,107961.38552857142,val,579,773,966,7
2013-08-13,103506.37397714285,val,579,773,966,7
2013-08-20,99366.52006571429,val,579,773,966,7
2013-08-27,91254.77700142856,val,579,773,966,7
2013-09-03,92081.04832714285,val,579,773,966,7
2013-09-10,92555.31560857143,val,579,773,966,7
2013-09-17,86524.44824571429,val,579,773,966,7
2013-09-24,86782.87709571428,val,579,773,966,7
2013-10-01,78334.84886542858,val,579,773,966,7
2013-10-08,87312.54643557142,val,579,773,966,7
2013-10-15,85995.54185642858,val,579,773,966,7
2013-10-22,85836.803216,val,579,773,966,7
2013-10-29,87572.38165328572,val,579,773,966,7
2013-11-05,87774.647247,val,579,773,966,7
2013-11-12,85183.94425728571,val,579,773,966,7
2013-11-19,92291.37168185714,val,579,773,966,7
2013-11-26,93014.53830814284,val,579,773,966,7
2013-12-03,84332.57570957144,val,579,773,966,7
2013-12-10,101587.90443285715,val,579,773,966,7
2013-12-17,101823.21482857142,val,579,773,966,7
2013-12-24,100019.92924,val,579,773,966,7
2013-12-31,122940.19543285714,val,579,773,966,7
2014-01-07,121282.23341428571,val,579,773,966,7
2014-01-14,123977.25466285714,val,579,773,966,7
2014-01-21,126432.40845714285,val,579,773,966,7
2014-01-28,125530.12385714285,val,579,773,966,7
2014-02-04,126227.31876714286,val,579,773,966,7
2014-02-11,124428.90349857144,val,579,773,966,7
2014-02-18,123155.29434142857,val,579,773,966,7
2014-02-25,100457.87966857142,val,579,773,966,7
2014-03-04,131246.8785742857,val,579,773,966,7
2014-03-11,129322.00334714286,val,579,773,966,7
2014-03-18,128887.76790142858,val,579,773,966,7
2014-03-25,104241.72816857144,val,579,773,966,7
2014-04-01,107542.25485714285,val,579,773,966,7
2014-04-08,117433.32753142857,val,579,773,966,7
2014-04-15,120664.59254857143,val,579,773,966,7
2014-04-22,122477.63006285715,val,579,773,966,7
2014-04-29,120323.97951428572,val,579,773,966,7
2014-05-06,123279.15605285714,val,579,773,966,7
2014-05-13,123864.47555142858,val,579,773,966,7
2014-05-20,111936.96532714285,val,579,773,966,7
2014-05-27,120839.98637714285,val,579,773,966,7
2014-06-03,117424.40099857142,val,579,773,966,7
2014-06-10,119583.36707285715,val,579,773,966,7
2014-06-17,119048.89232428571,val,579,773,966,7
2014-06-24,118488.86509142858,val,579,773,966,7
2014-07-01,113962.55656000001,val,579,773,966,7
2014-07-08,115670.78156571428,val,579,773,966,7
2014-07-15,117499.43437285714,val,579,773,966,7
2014-07-22,110950.11682428571,val,579,773,966,7
2014-07-29,111710.27419714285,val,579,773,966,7
2014-08-05,109758.11681428572,val,579,773,966,7
2014-08-12,104658.09996714284,val,579,773,966,7
2014-08-19,99245.94077857143,val,579,773,966,7
2014-08-26,90138.92865428572,val,579,773,966,7
2014-09-02,88985.75803285713,val,579,773,966,7
2014-09-09,89111.16428142857,val,579,773,966,7
2014-09-16,87674.13062985714,val,579,773,966,7
2014-09-23,86179.84767528572,val,579,773,966,7
2014-09-30,77852.558969,val,579,773,966,7
2014-10-07,85747.81864985714,val,579,773,966,7
2014-10-14,85387.947756,val,579,773,966,7
2014-10-21,84131.36290271429,val,579,773,966,7
2014-10-28,82356.50701142858,val,579,773,966,7
2014-11-04,83987.50919842857,val,579,773,966,7
2014-11-11,84108.08924085715,val,579,773,966,7
2014-11-18,88538.380712,val,579,773,966,7
2014-11-25,92341.8147202857,val,579,773,966,7
2014-12-02,90081.40335657143,val,579,773,966,7
2014-12-09,85008.12988914285,val,579,773,966,7
2014-12-16,94956.29891,val,579,773,966,7
2014-12-23,95516.03478428572,val,579,773,966,7
2014-12-30,94968.60450714287,val,579,773,966,7
2015-01-06,118120.49554857143,val,579,773,966,7
2015-01-13,118482.37629428571,val,579,773,966,7
2015-01-20,120897.68215571428,val,579,773,966,7
2015-01-27,118802.82400000001,val,579,773,966,7
2015-02-03,124099.27225428572,val,579,773,966,7
2015-02-10,121436.43352142858,val,579,773,966,7
2015-02-17,123270.02949428571,val,579,773,966,7
2015-02-24,94563.82816428572,val,579,773,966,7
2015-03-03,123997.48767571429,val,579,773,966,7
2015-03-10,121517.94320142858,val,579,773,966,7
2015-03-17,115838.11986714286,val,579,773,966,7
2015-03-24,91377.67738428572,val,579,773,966,7
2015-03-31,96814.26010571429,val,579,773,966,7
2015-04-07,116303.27598142857,val,579,773,966,7
2015-04-14,115324.42683,val,579,773,966,7
2015-04-21,110158.03219857144,val,579,773,966,7
2015-04-28,122803.63481142858,val,579,773,966,7
2015-05-05,122435.0959,val,579,773,966,7
2015-05-12,121659.06801285714,val,579,773,966,7
2015-05-19,122585.74128857143,val,579,773,966,7
2015-05-26,127647.03787285715,val,579,773,966,7
2015-06-02,129128.52285428571,val,579,773,966,7
2015-06-09,128507.73600571428,val,579,773,966,7
2015-06-16,120950.59248714286,val,579,773,966,7
2015-06-23,117779.65076428572,val,579,773,966,7
2015-06-30,115737.85218857143,val,579,773,966,7
2015-07-07,116605.59468,val,579,773,966,7
2015-07-14,117272.71962142857,val,579,773,966,7
2015-07-21,114711.70067285714,val,579,773,966,7
2015-07-28,114155.64078285715,val,579,773,966,7
2015-08-04,108903.73968428571,val,579,773,966,7
2015-08-11,106508.6954,val,579,773,966,7
2015-08-18,100908.10318142858,val,579,773,966,7
2015-08-25,93114.50939285713,val,579,773,966,7
2015-09-01,87531.92490714286,val,579,773,966,7
2015-09-08,92215.3114457143,val,579,773,966,7
2015-09-15,89979.58117485714,val,579,773,966,7
2015-09-22,87722.98040928572,val,579,773,966,7
2015-09-29,83506.54639242857,val,579,773,966,7
2015-10-06,79909.67368128571,val,579,773,966,7
2015-10-13,87424.08249214284,val,579,773,966,7
2015-10-20,87142.362733,val,579,773,966,7
2015-10-27,86121.50759485715,val,579,773,966,7
2015-11-03,84337.92198985713,val,579,773,966,7
2015-11-10,85038.93194085713,val,579,773,966,7
2015-11-17,89238.36668928571,val,579,773,966,7
2015-11-24,90455.97738457144,val,579,773,966,7
2015-12-01,89525.00732871427,val,579,773,966,7
2015-12-08,87771.01661857143,val,579,773,966,7
2015-12-15,97265.74534142857,val,579,773,966,7
2015-12-22,98621.7600757143,val,579,773,966,7
2015-12-29,94903.07136285714,val,579,773,966,7
2016-01-05,124704.78225142858,val,579,773,966,7
2016-01-12,124355.07492857144,val,579,773,966,7
2016-01-19,131137.51413285715,val,579,773,966,7
2016-01-26,129968.82708571429,val,579,773,966,7
2016-02-02,129048.57943714285,val,579,773,966,7
2016-02-09,127071.88728571429,val,579,773,966,7
2016-02-16,128927.34013142857,val,579,773,966,7
2016-02-23,103483.99237571428,val,579,773,966,7
2016-03-01,130166.8143657143,val,579,773,966,7
2016-03-08,125300.55960714284,val,579,773,966,7
2016-03-15,120524.49819142857,val,579,773,966,7
2016-03-22,111078.80718999999,val,579,773,966,7
2016-03-29,106179.9882157143,val,579,773,966,7
2016-04-05,117778.59684428571,val,579,773,966,7
2016-04-12,123787.01317285714,val,579,773,966,7
2016-04-19,127821.98869857143,val,579,773,966,7
2016-04-26,134335.3330557143,val,579,773,966,7
2016-05-03,136099.9442542857,val,579,773,966,7
2016-05-10,139309.25973999998,val,579,773,966,7
2016-05-17,135941.78738857145,val,579,773,966,7
2016-05-24,134994.44995,val,579,773,966,7
2016-05-31,132036.43028,val,579,773,966,7
2016-06-07,128431.97131714286,val,579,773,966,7
2016-06-14,121200.76848142857,val,579,773,966,7
2016-06-21,130894.74931571427,val,579,773,966,7
2016-06-28,126705.38141714285,val,579,773,966,7
2016-07-05,123512.25074857143,val,579,773,966,7
2016-07-12,118460.12983285714,val,579,773,966,7
2016-07-19,116511.91072285714,val,579,773,966,7
2016-07-26,118509.29117571427,val,579,773,966,7
2016-08-02,114399.25576428571,val,579,773,966,7
2016-08-09,111600.23037571428,val,579,773,966,7
2016-08-16,106578.37575142857,val,579,773,966,7
2016-08-23,98879.34748857142,val,579,773,966,7
2016-08-30,90176.33811142857,val,579,773,966,7
2016-09-06,94419.88625857142,val,579,773,966,7
2016-09-13,92179.85049871428,val,579,773,966,7
2016-09-20,91456.27077557144,val,579,773,966,7
2016-09-27,84640.54587628572,val,579,773,966,7
2016-10-04,81042.110688,val,579,773,966,7
2016-10-11,86990.94001457143,val,579,773,966,7
2016-10-18,84827.22043314285,val,579,773,966,7
2016-10-25,86488.50740314285,test,579,773,966,7
2016-11-01,85673.937254,test,579,773,966,7
2016-11-08,86083.07383471428,test,579,773,966,7
2016-11-15,85748.37399214285,test,579,773,966,7
2016-11-22,92007.70924257142,test,579,773,966,7
2016-11-29,93071.87696142857,test,579,773,966,7
2016-12-06,90460.03360428571,test,579,773,966,7
2016-12-13,106837.17542999999,test,579,773,966,7
2016-12-20,106268.89623428571,test,579,773,966,7
2016-12-27,107095.34675714285,test,579,773,966,7
2017-01-03,146622.64944142857,test,579,773,966,7
2017-01-10,145811.51943142858,test,579,773,966,7
2017-01-17,149009.24980142858,test,579,773,966,7
2017-01-24,147948.0127057143,test,579,773,966,7
2017-01-31,147541.0641557143,test,579,773,966,7
2017-02-07,150746.39334857144,test,579,773,966,7
2017-02-14,156134.16224285713,test,579,773,966,7
2017-02-21,126175.08794857142,test,579,773,966,7
2017-02-28,156838.21859428572,test,579,773,966,7
2017-03-07,149018.86826,test,579,773,966,7
2017-03-14,148228.22372571428,test,579,773,966,7
2017-03-21,147656.1670342857,test,579,773,966,7
2017-03-28,128367.45329142858,test,579,773,966,7
2017-04-04,136131.5863185714,test,579,773,966,7
2017-04-11,159129.3452057143,test,579,773,966,7
2017-04-18,156094.26612428573,test,579,773,966,7
2017-04-25,175066.88307,test,579,773,966,7
2017-05-02,177913.90031857142,test,579,773,966,7
2017-05-09,182047.7366957143,test,579,773,966,7
2017-05-16,177534.17980571426,test,579,773,966,7
2017-05-23,159146.7309,test,579,773,966,7
2017-05-30,153152.89222428572,test,579,773,966,7
2017-06-06,145428.31306285714,test,579,773,966,7
2017-06-13,141882.64276,test,579,773,966,7
2017-06-20,142947.4235342857,test,579,773,966,7
2017-06-27,130062.11016571429,test,579,773,966,7
2017-07-04,138705.58660285713,test,579,773,966,7
2017-07-11,136035.94039142856,test,579,773,966,7
2017-07-18,137579.88597571428,test,579,773,966,7
2017-07-25,138837.43950142857,test,579,773,966,7
2017-08-01,134366.8536942857,test,579,773,966,7
2017-08-08,132970.36653714287,test,579,773,966,7
2017-08-15,132405.2005642857,test,579,773,966,7
2017-08-22,126176.78307714286,test,579,773,966,7
2017-08-29,114746.48061571429,test,579,773,966,7
2017-09-05,120847.43358571429,test,579,773,966,7
2017-09-12,112599.12481114284,test,579,773,966,7
2017-09-19,113105.11996457144,test,579,773,966,7
2017-09-26,116223.39210542857,test,579,773,966,7
2017-10-03,110291.5147832857,test,579,773,966,7
2017-10-10,122111.213796,test,579,773,966,7
2017-10-17,118513.34132699999,test,579,773,966,7
2017-10-24,116121.04650685715,test,579,773,966,7
2017-10-31,118170.332354,test,579,773,966,7
2017-11-07,115383.34876714286,test,579,773,966,7
2017-11-14,117630.50197842857,test,579,773,966,7
2017-11-21,112767.538096,test,579,773,966,7
2017-11-28,122839.40285214286,test,579,773,966,7
2017-12-05,121775.17744428571,test,579,773,966,7
2017-12-12,127867.18586714286,test,579,773,966,7
2017-12-19,124739.35904857142,test,579,773,966,7
2017-12-26,136326.93011714285,test,579,773,966,7
2018-01-02,185413.26264285715,test,579,773,966,7
2018-01-09,185596.26768142855,test,579,773,966,7
2018-01-16,184258.4372957143,test,579,773,966,7
2018-01-23,184903.19405999998,test,579,773,966,7
2018-01-30,185629.09034142856,test,579,773,966,7
2018-02-06,184663.1136614286,test,579,773,966,7
2018-02-13,173435.29520142855,test,579,773,966,7
2018-02-20,152749.8050714286,test,579,773,966,7
2018-02-27,192228.62721571428,test,579,773,966,7
2018-03-06,183301.50728,test,579,773,966,7
2018-03-13,181346.76755857142,test,579,773,966,7
2018-03-20,178001.91069999998,test,579,773,966,7
2018-03-27,160712.16373571428,test,579,773,966,7
2018-04-03,175210.01295285716,test,579,773,966,7
2018-04-10,185593.74457285713,test,579,773,966,7
2018-04-17,184745.0982757143,test,579,773,966,7
2018-04-24,181154.5255542857,test,579,773,966,7
2018-05-01,187686.55208857145,test,579,773,966,7
2018-05-08,208121.58149142857,test,579,773,966,7
2018-05-15,201240.9224614286,test,579,773,966,7
2018-05-22,195742.0217114286,test,579,773,966,7
2018-05-29,196814.1625457143,test,579,773,966,7
2018-06-05,193088.53904857143,test,579,773,966,7
2018-06-12,196453.05067,test,579,773,966,7
2018-06-19,196944.88361285714,test,579,773,966,7
2018-06-26,186827.73339714287,test,579,773,966,7
2018-07-03,183451.05402142857,test,579,773,966,7
2018-07-10,182333.36469714288,test,579,773,966,7
2018-07-17,173997.13957285715,test,579,773,966,7
2018-07-24,176043.34789142857,test,579,773,966,7
2018-07-31,176044.87708285713,test,579,773,966,7
2018-08-07,172032.70792142858,test,579,773,966,7
2018-08-14,160545.28613285715,test,579,773,966,7
2018-08-21,164527.6891142857,test,579,773,966,7
2018-08-28,154116.2565942857,test,579,773,966,7
2018-09-04,158674.9220657143,test,579,773,966,7
2018-09-11,157272.03346714284,test,579,773,966,7
2018-09-18,153603.42923542857,test,579,773,966,7
2018-09-25,151845.27230985716,test,579,773,966,7
2018-10-02,144067.67908742858,test,579,773,966,7
2018-10-09,153769.37190714286,test,579,773,966,7
2018-10-16,153435.788702,test,579,773,966,7
2018-10-23,150674.78308514287,test,579,773,966,7
2018-10-30,150878.35470385713,test,579,773,966,7
2018-11-06,151621.07490042856,test,579,773,966,7
2018-11-13,156530.93759685714,test,579,773,966,7
2018-11-20,156155.39717357143,test,579,773,966,7
2018-11-27,160283.295904,test,579,773,966,7
2018-12-04,160112.4767942857,test,579,773,966,7
2018-12-11,170368.21487857142,test,579,773,966,7
2018-12-18,168729.23322571427,test,579,773,966,7
2018-12-25,171154.2618642857,test,579,773,966,7
2019-01-01,213859.28469428574,test,579,773,966,7
2019-01-08,210976.45565142858,test,579,773,966,7
2019-01-15,210604.9235757143,test,579,773,966,7
2019-01-22,217355.9563685714,test,579,773,966,7
2019-01-29,212287.7220285714,test,579,773,966,7
2019-02-05,217710.53673571427,test,579,773,966,7
2019-02-12,213253.3252557143,test,579,773,966,7
2019-02-19,223128.1247542857,test,579,773,966,7
2019-02-26,193072.55270000003,test,579,773,966,7
2019-03-05,222623.22438714287,test,579,773,966,7
2019-03-12,222112.68748000002,test,579,773,966,7
2019-03-19,220878.44149714286,test,579,773,966,7
2019-03-26,213636.88782285713,test,579,773,966,7
2019-04-02,223341.44571714287,test,579,773,966,7
2019-04-09,229885.28675857143,test,579,773,966,7
2019-04-16,231167.9555757143,test,579,773,966,7
2019-04-23,234833.4429942857,test,579,773,966,7
2019-04-30,250233.08856428572,test,579,773,966,7
2019-05-07,250259.98387857145,test,579,773,966,7
2019-05-14,240940.61908571428,test,579,773,966,7
2019-05-21,222990.30640142856,test,579,773,966,7
2019-05-28,226205.17514428572,test,579,773,966,7
2019-06-04,230199.50797142857,test,579,773,966,7
2019-06-11,222792.56525285714,test,579,773,966,7
2019-06-18,168352.1047342857,test,579,773,966,7
2019-06-25,131824.73482714285,test,579,773,966,7
2019-07-02,113816.08802857144,test,579,773,966,7
2019-07-09,107364.75355428572,test,579,773,966,7
2019-07-16,104951.81471142858,test,579,773,966,7
2019-07-23,110235.67906714286,test,579,773,966,7
2019-07-30,115614.86149857144,test,579,773,966,7
2019-08-06,119154.0769642857,test,579,773,966,7
2019-08-13,123190.90749857143,test,579,773,966,7
2019-08-20,153914.72631285715,test,579,773,966,7
2019-08-27,156760.68250357144,test,579,773,966,7
2019-09-03,164285.80526228572,test,579,773,966,7
2019-09-10,170004.66467628573,test,579,773,966,7
2019-09-17,180797.55438285714,test,579,773,966,7
2019-09-24,187192.4774342857,test,579,773,966,7
2019-10-01,187639.52293714284,test,579,773,966,7
2019-10-08,198375.97478428573,test,579,773,966,7
2019-10-15,195211.39748857144,test,579,773,966,7
2019-10-22,197121.63435714287,test,579,773,966,7
2019-10-29,195774.75795857143,test,579,773,966,7
2019-11-05,193597.16038000002,test,579,773,966,7
2019-11-12,194215.99429428572,test,579,773,966,7
2019-11-19,194994.41820514287,test,579,773,966,7
2019-11-26,196137.28200042856,test,579,773,966,7
2019-12-03,193834.26180885715,test,579,773,966,7
2019-12-10,192655.42990714285,test,579,773,966,7
2019-12-17,197263.41894028572,test,579,773,966,7
2019-12-24,203006.4419142857,test,579,773,966,7
2019-12-31,223787.16499857142,test,579,773,966,7
2020-01-07,235095.77055000002,test,579,773,966,7
2020-01-14,229945.8849942857,test,579,773,966,7
2020-01-21,229730.6196442857,test,579,773,966,7
2020-01-28,227589.92044000002,test,579,773,966,7
2020-02-04,233538.25409714287,test,579,773,966,7
2020-02-11,239276.6946614286,test,579,773,966,7
2020-02-18,232026.13968714286,test,579,773,966,7
2020-02-25,207849.7293957143,test,579,773,966,7
2020-03-03,224293.57377714285,test,579,773,966,7
2020-03-10,226502.13602285716,test,579,773,966,7
2020-03-17,217535.84378857142,test,579,773,966,7
2020-03-24,198604.00198285715,test,579,773,966,7
2020-03-31,212773.30455857143,test,579,773,966,7
2020-04-07,230636.41603,test,579,773,966,7
2020-04-14,220874.2227271429,test,579,773,966,7
2020-04-21,220322.06625571428,test,579,773,966,7
2020-04-28,218682.74607571427,test,579,773,966,7
2020-05-05,215131.46594714286,test,579,773,966,7
2020-05-12,208849.14311757142,test,579,773,966,7
2020-05-19,200381.55717185716,test,579,773,966,7
2020-05-26,222887.38913371428,test,579,773,966,7
2020-06-02,221073.52654014286,test,579,773,966,7
2020-06-09,223179.11497757141,test,579,773,966,7
2020-06-16,221849.26465014284,test,579,773,966,7
2020-06-23,224061.70273285714,test,579,773,966,7
2020-06-30,219437.4253537143,test,579,773,966,7
